id,name,type_1,type_2,hp,attack,defense,sp_attack,sp_def,speed,generation,legendary
1,Bulbasaur,Grass,Poison,45,49,49,65,65,45,1,No
2,Ivysaur,Grass,Poison,60,62,63,80,80,60,1,No
3,Venusaur,Grass,Poison,80,82,83,100,100,80,1,No
4,Mega Venusaur,Grass,Poison,80,100,123,122,120,80,1,No
5,Charmander,Fire,None,39,52,43,60,50,65,1,No
6,Charmeleon,Fire,None,58,64,58,80,65,80,1,No
7,Charizard,Fire,Flying,78,84,78,109,85,100,1,No
8,Mega Charizard X,Fire,Dragon,78,130,111,130,85,100,1,No
9,Mega Charizard Y,Fire,Flying,78,104,78,159,115,100,1,No
10,Squirtle,Water,None,44,48,65,50,64,43,1,No
11,Wartortle,Water,None,59,63,80,65,80,58,1,No
12,Blastoise,Water,None,79,83,100,85,105,78,1,No
13,Mega Blastoise,Water,None,79,103,120,135,115,78,1,No
14,Caterpie,Bug,None,45,30,35,20,20,45,1,No
15,Metapod,Bug,None,50,20,55,25,25,30,1,No
16,Butterfree,Bug,Flying,60,45,50,90,80,70,1,No
17,Weedle,Bug,Poison,40,35,30,20,20,50,1,No
18,Kakuna,Bug,Poison,45,25,50,25,25,35,1,No
19,Beedrill,Bug,Poison,65,90,40,45,80,75,1,No
20,Mega Beedrill,Bug,Poison,65,150,40,15,80,145,1,No
21,Pidgey,Normal,Flying,40,45,40,35,35,56,1,No
22,Pidgeotto,Normal,Flying,63,60,55,50,50,71,1,No
23,Pidgeot,Normal,Flying,83,80,75,70,70,101,1,No
24,Mega Pidgeot,Normal,Flying,83,80,80,135,80,121,1,No
25,Rattata,Normal,None,30,56,35,25,35,72,1,No
26,Raticate,Normal,None,55,81,60,50,70,97,1,No
27,Spearow,Normal,Flying,40,60,30,31,31,70,1,No
28,Fearow,Normal,Flying,65,90,65,61,61,100,1,No
29,Ekans,Poison,None,35,60,44,40,54,55,1,No
30,Arbok,Poison,None,60,85,69,65,79,80,1,No
31,Pikachu,Electric,None,35,55,40,50,50,90,1,No
32,Raichu,Electric,None,60,90,55,90,80,110,1,No
33,Sandshrew,Ground,None,50,75,85,20,30,40,1,No
34,Sandslash,Ground,None,75,100,110,45,55,65,1,No
35,Nidoran♀,Poison,None,55,47,52,40,40,41,1,No
36,Nidorina,Poison,None,70,62,67,55,55,56,1,No
37,Nidoqueen,Poison,Ground,90,92,87,75,85,76,1,No
38,Nidoran♂,Poison,None,46,57,40,40,40,50,1,No
39,Nidorino,Poison,None,61,72,57,55,55,65,1,No
40,Nidoking,Poison,Ground,81,102,77,85,75,85,1,No
41,Clefairy,Fairy,None,70,45,48,60,65,35,1,No
42,Clefable,Fairy,None,95,70,73,95,90,60,1,No
43,Vulpix,Fire,None,38,41,40,50,65,65,1,No
44,Ninetales,Fire,None,73,76,75,81,100,100,1,No
45,Jigglypuff,Normal,Fairy,115,45,20,45,25,20,1,No
46,Wigglytuff,Normal,Fairy,140,70,45,85,50,45,1,No
47,Zubat,Poison,Flying,40,45,35,30,40,55,1,No
48,Golbat,Poison,Flying,75,80,70,65,75,90,1,No
49,Oddish,Grass,Poison,45,50,55,75,65,30,1,No
50,Gloom,Grass,Poison,60,65,70,85,75,40,1,No
51,Vileplume,Grass,Poison,75,80,85,110,90,50,1,No
52,Paras,Bug,Grass,35,70,55,45,55,25,1,No
53,Parasect,Bug,Grass,60,95,80,60,80,30,1,No
54,Venonat,Bug,Poison,60,55,50,40,55,45,1,No
55,Venomoth,Bug,Poison,70,65,60,90,75,90,1,No
56,Diglett,Ground,None,10,55,25,35,45,95,1,No
57,Dugtrio,Ground,None,35,80,50,50,70,120,1,No
58,Meowth,Normal,None,40,45,35,40,40,90,1,No
59,Persian,Normal,None,65,70,60,65,65,115,1,No
60,Psyduck,Water,None,50,52,48,65,50,55,1,No
61,Golduck,Water,None,80,82,78,95,80,85,1,No
62,Mankey,Fighting,None,40,80,35,35,45,70,1,No
63,Unknown,Fighting,None,65,105,60,60,70,95,1,No
64,Growlithe,Fire,None,55,70,45,70,50,60,1,No
65,Arcanine,Fire,None,90,110,80,100,80,95,1,No
66,Poliwag,Water,None,40,50,40,40,40,90,1,No
67,Poliwhirl,Water,None,65,65,65,50,50,90,1,No
68,Poliwrath,Water,Fighting,90,95,95,70,90,70,1,No
69,Abra,Psychic,None,25,20,15,105,55,90,1,No
70,Kadabra,Psychic,None,40,35,30,120,70,105,1,No
71,Alakazam,Psychic,None,55,50,45,135,95,120,1,No
72,Mega Alakazam,Psychic,None,55,50,65,175,95,150,1,No
73,Machop,Fighting,None,70,80,50,35,35,35,1,No
74,Machoke,Fighting,None,80,100,70,50,60,45,1,No
75,Machamp,Fighting,None,90,130,80,65,85,55,1,No
76,Bellsprout,Grass,Poison,50,75,35,70,30,40,1,No
77,Weepinbell,Grass,Poison,65,90,50,85,45,55,1,No
78,Victreebel,Grass,Poison,80,105,65,100,70,70,1,No
79,Tentacool,Water,Poison,40,40,35,50,100,70,1,No
80,Tentacruel,Water,Poison,80,70,65,80,120,100,1,No
81,Geodude,Rock,Ground,40,80,100,30,30,20,1,No
82,Graveler,Rock,Ground,55,95,115,45,45,35,1,No
83,Golem,Rock,Ground,80,120,130,55,65,45,1,No
84,Ponyta,Fire,None,50,85,55,65,65,90,1,No
85,Rapidash,Fire,None,65,100,70,80,80,105,1,No
86,Slowpoke,Water,Psychic,90,65,65,40,40,15,1,No
87,Slowbro,Water,Psychic,95,75,110,100,80,30,1,No
88,Mega Slowbro,Water,Psychic,95,75,180,130,80,30,1,No
89,Magnemite,Electric,Steel,25,35,70,95,55,45,1,No
90,Magneton,Electric,Steel,50,60,95,120,70,70,1,No
91,Farfetch'd,Normal,Flying,52,65,55,58,62,60,1,No
92,Doduo,Normal,Flying,35,85,45,35,35,75,1,No
93,Dodrio,Normal,Flying,60,110,70,60,60,100,1,No
94,Seel,Water,None,65,45,55,45,70,45,1,No
95,Dewgong,Water,Ice,90,70,80,70,95,70,1,No
96,Grimer,Poison,None,80,80,50,40,50,25,1,No
97,Muk,Poison,None,105,105,75,65,100,50,1,No
98,Shellder,Water,None,30,65,100,45,25,40,1,No
99,Cloyster,Water,Ice,50,95,180,85,45,70,1,No
100,Gastly,Ghost,Poison,30,35,30,100,35,80,1,No
101,Haunter,Ghost,Poison,45,50,45,115,55,95,1,No
102,Gengar,Ghost,Poison,60,65,60,130,75,110,1,No
103,Mega Gengar,Ghost,Poison,60,65,80,170,95,130,1,No
104,Onix,Rock,Ground,35,45,160,30,45,70,1,No
105,Drowzee,Psychic,None,60,48,45,43,90,42,1,No
106,Hypno,Psychic,None,85,73,70,73,115,67,1,No
107,Krabby,Water,None,30,105,90,25,25,50,1,No
108,Kingler,Water,None,55,130,115,50,50,75,1,No
109,Voltorb,Electric,None,40,30,50,55,55,100,1,No
110,Electrode,Electric,None,60,50,70,80,80,140,1,No
111,Exeggcute,Grass,Psychic,60,40,80,60,45,40,1,No
112,Exeggutor,Grass,Psychic,95,95,85,125,65,55,1,No
113,Cubone,Ground,None,50,50,95,40,50,35,1,No
114,Marowak,Ground,None,60,80,110,50,80,45,1,No
115,Hitmonlee,Fighting,None,50,120,53,35,110,87,1,No
116,Hitmonchan,Fighting,None,50,105,79,35,110,76,1,No
117,Lickitung,Normal,None,90,55,75,60,75,30,1,No
118,Koffing,Poison,None,40,65,95,60,45,35,1,No
119,Weezing,Poison,None,65,90,120,85,70,60,1,No
120,Rhyhorn,Ground,Rock,80,85,95,30,30,25,1,No
121,Rhydon,Ground,Rock,105,130,120,45,45,40,1,No
122,Chansey,Normal,None,250,5,5,35,105,50,1,No
123,Tangela,Grass,None,65,55,115,100,40,60,1,No
124,Kangaskhan,Normal,None,105,95,80,40,80,90,1,No
125,Mega Kangaskhan,Normal,None,105,125,100,60,100,100,1,No
126,Horsea,Water,None,30,40,70,70,25,60,1,No
127,Seadra,Water,None,55,65,95,95,45,85,1,No
128,Goldeen,Water,None,45,67,60,35,50,63,1,No
129,Seaking,Water,None,80,92,65,65,80,68,1,No
130,Staryu,Water,None,30,45,55,70,55,85,1,No
131,Starmie,Water,Psychic,60,75,85,100,85,115,1,No
132,Mr. Mime,Psychic,Fairy,40,45,65,100,120,90,1,No
133,Scyther,Bug,Flying,70,110,80,55,80,105,1,No
134,Jynx,Ice,Psychic,65,50,35,115,95,95,1,No
135,Electabuzz,Electric,None,65,83,57,95,85,105,1,No
136,Magmar,Fire,None,65,95,57,100,85,93,1,No
137,Pinsir,Bug,None,65,125,100,55,70,85,1,No
138,Mega Pinsir,Bug,Flying,65,155,120,65,90,105,1,No
139,Tauros,Normal,None,75,100,95,40,70,110,1,No
140,Magikarp,Water,None,20,10,55,15,20,80,1,No
141,Gyarados,Water,Flying,95,125,79,60,100,81,1,No
142,Mega Gyarados,Water,Dark,95,155,109,70,130,81,1,No
143,Lapras,Water,Ice,130,85,80,85,95,60,1,No
144,Ditto,Normal,None,48,48,48,48,48,48,1,No
145,Eevee,Normal,None,55,55,50,45,65,55,1,No
146,Vaporeon,Water,None,130,65,60,110,95,65,1,No
147,Jolteon,Electric,None,65,65,60,110,95,130,1,No
148,Flareon,Fire,None,65,130,60,95,110,65,1,No
149,Porygon,Normal,None,65,60,70,85,75,40,1,No
150,Omanyte,Rock,Water,35,40,100,90,55,35,1,No
151,Omastar,Rock,Water,70,60,125,115,70,55,1,No
152,Kabuto,Rock,Water,30,80,90,55,45,55,1,No
153,Kabutops,Rock,Water,60,115,105,65,70,80,1,No
154,Aerodactyl,Rock,Flying,80,105,65,60,75,130,1,No
155,Mega Aerodactyl,Rock,Flying,80,135,85,70,95,150,1,No
156,Snorlax,Normal,None,160,110,65,65,110,30,1,No
157,Articuno,Ice,Flying,90,85,100,95,125,85,1,Yes
158,Zapdos,Electric,Flying,90,90,85,125,90,100,1,Yes
159,Moltres,Fire,Flying,90,100,90,125,85,90,1,Yes
160,Dratini,Dragon,None,41,64,45,50,50,50,1,No
161,Dragonair,Dragon,None,61,84,65,70,70,70,1,No
162,Dragonite,Dragon,Flying,91,134,95,100,100,80,1,No
163,Mewtwo,Psychic,None,106,110,90,154,90,130,1,Yes
164,Mega Mewtwo X,Psychic,Fighting,106,190,100,154,100,130,1,Yes
165,Mega Mewtwo Y,Psychic,None,106,150,70,194,120,140,1,Yes
166,Mew,Psychic,None,100,100,100,100,100,100,1,No
167,Chikorita,Grass,None,45,49,65,49,65,45,2,No
168,Bayleef,Grass,None,60,62,80,63,80,60,2,No
169,Meganium,Grass,None,80,82,100,83,100,80,2,No
170,Cyndaquil,Fire,None,39,52,43,60,50,65,2,No
171,Quilava,Fire,None,58,64,58,80,65,80,2,No
172,Typhlosion,Fire,None,78,84,78,109,85,100,2,No
173,Totodile,Water,None,50,65,64,44,48,43,2,No
174,Croconaw,Water,None,65,80,80,59,63,58,2,No
175,Feraligatr,Water,None,85,105,100,79,83,78,2,No
176,Sentret,Normal,None,35,46,34,35,45,20,2,No
177,Furret,Normal,None,85,76,64,45,55,90,2,No
178,Hoothoot,Normal,Flying,60,30,30,36,56,50,2,No
179,Noctowl,Normal,Flying,100,50,50,76,96,70,2,No
180,Ledyba,Bug,Flying,40,20,30,40,80,55,2,No
181,Ledian,Bug,Flying,55,35,50,55,110,85,2,No
182,Spinarak,Bug,Poison,40,60,40,40,40,30,2,No
183,Ariados,Bug,Poison,70,90,70,60,60,40,2,No
184,Crobat,Poison,Flying,85,90,80,70,80,130,2,No
185,Chinchou,Water,Electric,75,38,38,56,56,67,2,No
186,Lanturn,Water,Electric,125,58,58,76,76,67,2,No
187,Pichu,Electric,None,20,40,15,35,35,60,2,No
188,Cleffa,Fairy,None,50,25,28,45,55,15,2,No
189,Igglybuff,Normal,Fairy,90,30,15,40,20,15,2,No
190,Togepi,Fairy,None,35,20,65,40,65,20,2,No
191,Togetic,Fairy,Flying,55,40,85,80,105,40,2,No
192,Natu,Psychic,Flying,40,50,45,70,45,70,2,No
193,Xatu,Psychic,Flying,65,75,70,95,70,95,2,No
194,Mareep,Electric,None,55,40,40,65,45,35,2,No
195,Flaaffy,Electric,None,70,55,55,80,60,45,2,No
196,Ampharos,Electric,None,90,75,85,115,90,55,2,No
197,Mega Ampharos,Electric,Dragon,90,95,105,165,110,45,2,No
198,Bellossom,Grass,None,75,80,95,90,100,50,2,No
199,Marill,Water,Fairy,70,20,50,20,50,40,2,No
200,Azumarill,Water,Fairy,100,50,80,60,80,50,2,No
201,Sudowoodo,Rock,None,70,100,115,30,65,30,2,No
202,Politoed,Water,None,90,75,75,90,100,70,2,No
203,Hoppip,Grass,Flying,35,35,40,35,55,50,2,No
204,Skiploom,Grass,Flying,55,45,50,45,65,80,2,No
205,Jumpluff,Grass,Flying,75,55,70,55,95,110,2,No
206,Aipom,Normal,None,55,70,55,40,55,85,2,No
207,Sunkern,Grass,None,30,30,30,30,30,30,2,No
208,Sunflora,Grass,None,75,75,55,105,85,30,2,No
209,Yanma,Bug,Flying,65,65,45,75,45,95,2,No
210,Wooper,Water,Ground,55,45,45,25,25,15,2,No
211,Quagsire,Water,Ground,95,85,85,65,65,35,2,No
212,Espeon,Psychic,None,65,65,60,130,95,110,2,No
213,Umbreon,Dark,None,95,65,110,60,130,65,2,No
214,Murkrow,Dark,Flying,60,85,42,85,42,91,2,No
215,Slowking,Water,Psychic,95,75,80,100,110,30,2,No
216,Misdreavus,Ghost,None,60,60,60,85,85,85,2,No
217,Unown,Psychic,None,48,72,48,72,48,48,2,No
218,Wobbuffet,Psychic,None,190,33,58,33,58,33,2,No
219,Girafarig,Normal,Psychic,70,80,65,90,65,85,2,No
220,Pineco,Bug,None,50,65,90,35,35,15,2,No
221,Forretress,Bug,Steel,75,90,140,60,60,40,2,No
222,Dunsparce,Normal,None,100,70,70,65,65,45,2,No
223,Gligar,Ground,Flying,65,75,105,35,65,85,2,No
224,Steelix,Steel,Ground,75,85,200,55,65,30,2,No
225,Mega Steelix,Steel,Ground,75,125,230,55,95,30,2,No
226,Snubbull,Fairy,None,60,80,50,40,40,30,2,No
227,Granbull,Fairy,None,90,120,75,60,60,45,2,No
228,Qwilfish,Water,Poison,65,95,75,55,55,85,2,No
229,Scizor,Bug,Steel,70,130,100,55,80,65,2,No
230,Mega Scizor,Bug,Steel,70,150,140,65,100,75,2,No
231,Shuckle,Bug,Rock,20,10,230,10,230,5,2,No
232,Heracross,Bug,Fighting,80,125,75,40,95,85,2,No
233,Mega Heracross,Bug,Fighting,80,185,115,40,105,75,2,No
234,Sneasel,Dark,Ice,55,95,55,35,75,115,2,No
235,Teddiursa,Normal,None,60,80,50,50,50,40,2,No
236,Ursaring,Normal,None,90,130,75,75,75,55,2,No
237,Slugma,Fire,None,40,40,40,70,40,20,2,No
238,Magcargo,Fire,Rock,50,50,120,80,80,30,2,No
239,Swinub,Ice,Ground,50,50,40,30,30,50,2,No
240,Piloswine,Ice,Ground,100,100,80,60,60,50,2,No
241,Corsola,Water,Rock,55,55,85,65,85,35,2,No
242,Remoraid,Water,None,35,65,35,65,35,65,2,No
243,Octillery,Water,None,75,105,75,105,75,45,2,No
244,Delibird,Ice,Flying,45,55,45,65,45,75,2,No
245,Mantine,Water,Flying,65,40,70,80,140,70,2,No
246,Skarmory,Steel,Flying,65,80,140,40,70,70,2,No
247,Houndour,Dark,Fire,45,60,30,80,50,65,2,No
248,Houndoom,Dark,Fire,75,90,50,110,80,95,2,No
249,Mega Houndoom,Dark,Fire,75,90,90,140,90,115,2,No
250,Kingdra,Water,Dragon,75,95,95,95,95,85,2,No
251,Phanpy,Ground,None,90,60,60,40,40,40,2,No
252,Donphan,Ground,None,90,120,120,60,60,50,2,No
253,Porygon2,Normal,None,85,80,90,105,95,60,2,No
254,Stantler,Normal,None,73,95,62,85,65,85,2,No
255,Smeargle,Normal,None,55,20,35,20,45,75,2,No
256,Tyrogue,Fighting,None,35,35,35,35,35,35,2,No
257,Hitmontop,Fighting,None,50,95,95,35,110,70,2,No
258,Smoochum,Ice,Psychic,45,30,15,85,65,65,2,No
259,Elekid,Electric,None,45,63,37,65,55,95,2,No
260,Magby,Fire,None,45,75,37,70,55,83,2,No
261,Miltank,Normal,None,95,80,105,40,70,100,2,No
262,Blissey,Normal,None,255,10,10,75,135,55,2,No
263,Raikou,Electric,None,90,85,75,115,100,115,2,Yes
264,Entei,Fire,None,115,115,85,90,75,100,2,Yes
265,Suicune,Water,None,100,75,115,90,115,85,2,Yes
266,Larvitar,Rock,Ground,50,64,50,45,50,41,2,No
267,Pupitar,Rock,Ground,70,84,70,65,70,51,2,No
268,Tyranitar,Rock,Dark,100,134,110,95,100,61,2,No
269,Mega Tyranitar,Rock,Dark,100,164,150,95,120,71,2,No
270,Lugia,Psychic,Flying,106,90,130,90,154,110,2,Yes
271,Ho-oh,Fire,Flying,106,130,90,110,154,90,2,Yes
272,Celebi,Psychic,Grass,100,100,100,100,100,100,2,No
273,Treecko,Grass,None,40,45,35,65,55,70,3,No
274,Grovyle,Grass,None,50,65,45,85,65,95,3,No
275,Sceptile,Grass,None,70,85,65,105,85,120,3,No
276,Mega Sceptile,Grass,Dragon,70,110,75,145,85,145,3,No
277,Torchic,Fire,None,45,60,40,70,50,45,3,No
278,Combusken,Fire,Fighting,60,85,60,85,60,55,3,No
279,Blaziken,Fire,Fighting,80,120,70,110,70,80,3,No
280,Mega Blaziken,Fire,Fighting,80,160,80,130,80,100,3,No
281,Mudkip,Water,None,50,70,50,50,50,40,3,No
282,Marshtomp,Water,Ground,70,85,70,60,70,50,3,No
283,Swampert,Water,Ground,100,110,90,85,90,60,3,No
284,Mega Swampert,Water,Ground,100,150,110,95,110,70,3,No
285,Poochyena,Dark,None,35,55,35,30,30,35,3,No
286,Mightyena,Dark,None,70,90,70,60,60,70,3,No
287,Zigzagoon,Normal,None,38,30,41,30,41,60,3,No
288,Linoone,Normal,None,78,70,61,50,61,100,3,No
289,Wurmple,Bug,None,45,45,35,20,30,20,3,No
290,Silcoon,Bug,None,50,35,55,25,25,15,3,No
291,Beautifly,Bug,Flying,60,70,50,100,50,65,3,No
292,Cascoon,Bug,None,50,35,55,25,25,15,3,No
293,Dustox,Bug,Poison,60,50,70,50,90,65,3,No
294,Lotad,Water,Grass,40,30,30,40,50,30,3,No
295,Lombre,Water,Grass,60,50,50,60,70,50,3,No
296,Ludicolo,Water,Grass,80,70,70,90,100,70,3,No
297,Seedot,Grass,None,40,40,50,30,30,30,3,No
298,Nuzleaf,Grass,Dark,70,70,40,60,40,60,3,No
299,Shiftry,Grass,Dark,90,100,60,90,60,80,3,No
300,Taillow,Normal,Flying,40,55,30,30,30,85,3,No
301,Swellow,Normal,Flying,60,85,60,50,50,125,3,No
302,Wingull,Water,Flying,40,30,30,55,30,85,3,No
303,Pelipper,Water,Flying,60,50,100,85,70,65,3,No
304,Ralts,Psychic,Fairy,28,25,25,45,35,40,3,No
305,Kirlia,Psychic,Fairy,38,35,35,65,55,50,3,No
306,Gardevoir,Psychic,Fairy,68,65,65,125,115,80,3,No
307,Mega Gardevoir,Psychic,Fairy,68,85,65,165,135,100,3,No
308,Surskit,Bug,Water,40,30,32,50,52,65,3,No
309,Masquerain,Bug,Flying,70,60,62,80,82,60,3,No
310,Shroomish,Grass,None,60,40,60,40,60,35,3,No
311,Breloom,Grass,Fighting,60,130,80,60,60,70,3,No
312,Slakoth,Normal,None,60,60,60,35,35,30,3,No
313,Vigoroth,Normal,None,80,80,80,55,55,90,3,No
314,Slaking,Normal,None,150,160,100,95,65,100,3,No
315,Nincada,Bug,Ground,31,45,90,30,30,40,3,No
316,Ninjask,Bug,Flying,61,90,45,50,50,160,3,No
317,Shedinja,Bug,Ghost,1,90,45,30,30,40,3,No
318,Whismur,Normal,None,64,51,23,51,23,28,3,No
319,Loudred,Normal,None,84,71,43,71,43,48,3,No
320,Exploud,Normal,None,104,91,63,91,73,68,3,No
321,Makuhita,Fighting,None,72,60,30,20,30,25,3,No
322,Hariyama,Fighting,None,144,120,60,40,60,50,3,No
323,Azurill,Normal,Fairy,50,20,40,20,40,20,3,No
324,Nosepass,Rock,None,30,45,135,45,90,30,3,No
325,Skitty,Normal,None,50,45,45,35,35,50,3,No
326,Delcatty,Normal,None,70,65,65,55,55,70,3,No
327,Sableye,Dark,Ghost,50,75,75,65,65,50,3,No
328,Mega Sableye,Dark,Ghost,50,85,125,85,115,20,3,No
329,Mawile,Steel,Fairy,50,85,85,55,55,50,3,No
330,Mega Mawile,Steel,Fairy,50,105,125,55,95,50,3,No
331,Aron,Steel,Rock,50,70,100,40,40,30,3,No
332,Lairon,Steel,Rock,60,90,140,50,50,40,3,No
333,Aggron,Steel,Rock,70,110,180,60,60,50,3,No
334,Mega Aggron,Steel,None,70,140,230,60,80,50,3,No
335,Meditite,Fighting,Psychic,30,40,55,40,55,60,3,No
336,Medicham,Fighting,Psychic,60,60,75,60,75,80,3,No
337,Mega Medicham,Fighting,Psychic,60,100,85,80,85,100,3,No
338,Electrike,Electric,None,40,45,40,65,40,65,3,No
339,Manectric,Electric,None,70,75,60,105,60,105,3,No
340,Mega Manectric,Electric,None,70,75,80,135,80,135,3,No
341,Plusle,Electric,None,60,50,40,85,75,95,3,No
342,Minun,Electric,None,60,40,50,75,85,95,3,No
343,Volbeat,Bug,None,65,73,55,47,75,85,3,No
344,Illumise,Bug,None,65,47,55,73,75,85,3,No
345,Roselia,Grass,Poison,50,60,45,100,80,65,3,No
346,Gulpin,Poison,None,70,43,53,43,53,40,3,No
347,Swalot,Poison,None,100,73,83,73,83,55,3,No
348,Carvanha,Water,Dark,45,90,20,65,20,65,3,No
349,Sharpedo,Water,Dark,70,120,40,95,40,95,3,No
350,Mega Sharpedo,Water,Dark,70,140,70,110,65,105,3,No
351,Wailmer,Water,None,130,70,35,70,35,60,3,No
352,Wailord,Water,None,170,90,45,90,45,60,3,No
353,Numel,Fire,Ground,60,60,40,65,45,35,3,No
354,Camerupt,Fire,Ground,70,100,70,105,75,40,3,No
355,Mega Camerupt,Fire,Ground,70,120,100,145,105,20,3,No
356,Torkoal,Fire,None,70,85,140,85,70,20,3,No
357,Spoink,Psychic,None,60,25,35,70,80,60,3,No
358,Grumpig,Psychic,None,80,45,65,90,110,80,3,No
359,Spinda,Normal,None,60,60,60,60,60,60,3,No
360,Trapinch,Ground,None,45,100,45,45,45,10,3,No
361,Vibrava,Ground,Dragon,50,70,50,50,50,70,3,No
362,Flygon,Ground,Dragon,80,100,80,80,80,100,3,No
363,Cacnea,Grass,None,50,85,40,85,40,35,3,No
364,Cacturne,Grass,Dark,70,115,60,115,60,55,3,No
365,Swablu,Normal,Flying,45,40,60,40,75,50,3,No
366,Altaria,Dragon,Flying,75,70,90,70,105,80,3,No
367,Mega Altaria,Dragon,Fairy,75,110,110,110,105,80,3,No
368,Zangoose,Normal,None,73,115,60,60,60,90,3,No
369,Seviper,Poison,None,73,100,60,100,60,65,3,No
370,Lunatone,Rock,Psychic,70,55,65,95,85,70,3,No
371,Solrock,Rock,Psychic,70,95,85,55,65,70,3,No
372,Barboach,Water,Ground,50,48,43,46,41,60,3,No
373,Whiscash,Water,Ground,110,78,73,76,71,60,3,No
374,Corphish,Water,None,43,80,65,50,35,35,3,No
375,Crawdaunt,Water,Dark,63,120,85,90,55,55,3,No
376,Baltoy,Ground,Psychic,40,40,55,40,70,55,3,No
377,Claydol,Ground,Psychic,60,70,105,70,120,75,3,No
378,Lileep,Rock,Grass,66,41,77,61,87,23,3,No
379,Cradily,Rock,Grass,86,81,97,81,107,43,3,No
380,Anorith,Rock,Bug,45,95,50,40,50,75,3,No
381,Armaldo,Rock,Bug,75,125,100,70,80,45,3,No
382,Feebas,Water,None,20,15,20,10,55,80,3,No
383,Milotic,Water,None,95,60,79,100,125,81,3,No
384,Castform,Normal,None,70,70,70,70,70,70,3,No
385,Kecleon,Normal,None,60,90,70,60,120,40,3,No
386,Shuppet,Ghost,None,44,75,35,63,33,45,3,No
387,Banette,Ghost,None,64,115,65,83,63,65,3,No
388,Mega Banette,Ghost,None,64,165,75,93,83,75,3,No
389,Duskull,Ghost,None,20,40,90,30,90,25,3,No
390,Dusclops,Ghost,None,40,70,130,60,130,25,3,No
391,Tropius,Grass,Flying,99,68,83,72,87,51,3,No
392,Chimecho,Psychic,None,65,50,70,95,80,65,3,No
393,Absol,Dark,None,65,130,60,75,60,75,3,No
394,Mega Absol,Dark,None,65,150,60,115,60,115,3,No
395,Wynaut,Psychic,None,95,23,48,23,48,23,3,No
396,Snorunt,Ice,None,50,50,50,50,50,50,3,No
397,Glalie,Ice,None,80,80,80,80,80,80,3,No
398,Mega Glalie,Ice,None,80,120,80,120,80,100,3,No
399,Spheal,Ice,Water,70,40,50,55,50,25,3,No
400,Sealeo,Ice,Water,90,60,70,75,70,45,3,No
401,Walrein,Ice,Water,110,80,90,95,90,65,3,No
402,Clamperl,Water,None,35,64,85,74,55,32,3,No
403,Huntail,Water,None,55,104,105,94,75,52,3,No
404,Gorebyss,Water,None,55,84,105,114,75,52,3,No
405,Relicanth,Water,Rock,100,90,130,45,65,55,3,No
406,Luvdisc,Water,None,43,30,55,40,65,97,3,No
407,Bagon,Dragon,None,45,75,60,40,30,50,3,No
408,Shelgon,Dragon,None,65,95,100,60,50,50,3,No
409,Salamence,Dragon,Flying,95,135,80,110,80,100,3,No
410,Mega Salamence,Dragon,Flying,95,145,130,120,90,120,3,No
411,Beldum,Steel,Psychic,40,55,80,35,60,30,3,No
412,Metang,Steel,Psychic,60,75,100,55,80,50,3,No
413,Metagross,Steel,Psychic,80,135,130,95,90,70,3,No
414,Mega Metagross,Steel,Psychic,80,145,150,105,110,110,3,No
415,Regirock,Rock,None,80,100,200,50,100,50,3,Yes
416,Regice,Ice,None,80,50,100,100,200,50,3,Yes
417,Registeel,Steel,None,80,75,150,75,150,50,3,Yes
418,Latias,Dragon,Psychic,80,80,90,110,130,110,3,Yes
419,Mega Latias,Dragon,Psychic,80,100,120,140,150,110,3,Yes
420,Latios,Dragon,Psychic,80,90,80,130,110,110,3,Yes
421,Mega Latios,Dragon,Psychic,80,130,100,160,120,110,3,Yes
422,Kyogre,Water,None,100,100,90,150,140,90,3,Yes
423,Primal Kyogre,Water,None,100,150,90,180,160,90,3,Yes
424,Groudon,Ground,None,100,150,140,100,90,90,3,Yes
425,Primal Groudon,Ground,Fire,100,180,160,150,90,90,3,Yes
426,Rayquaza,Dragon,Flying,105,150,90,150,90,95,3,Yes
427,Mega Rayquaza,Dragon,Flying,105,180,100,180,100,115,3,Yes
428,Jirachi,Steel,Psychic,100,100,100,100,100,100,3,Yes
429,Deoxys Normal Forme,Psychic,None,50,150,50,150,50,150,3,Yes
430,DeoxysAttack Forme,Psychic,None,50,180,20,180,20,150,3,Yes
431,Deoxys Defense Forme,Psychic,None,50,70,160,70,160,90,3,Yes
432,Deoxys Speed Forme,Psychic,None,50,95,90,95,90,180,3,Yes
433,Turtwig,Grass,None,55,68,64,45,55,31,4,No
434,Grotle,Grass,None,75,89,85,55,65,36,4,No
435,Torterra,Grass,Ground,95,109,105,75,85,56,4,No
436,Chimchar,Fire,None,44,58,44,58,44,61,4,No
437,Monferno,Fire,Fighting,64,78,52,78,52,81,4,No
438,Infernape,Fire,Fighting,76,104,71,104,71,108,4,No
439,Piplup,Water,None,53,51,53,61,56,40,4,No
440,Prinplup,Water,None,64,66,68,81,76,50,4,No
441,Empoleon,Water,Steel,84,86,88,111,101,60,4,No
442,Starly,Normal,Flying,40,55,30,30,30,60,4,No
443,Staravia,Normal,Flying,55,75,50,40,40,80,4,No
444,Staraptor,Normal,Flying,85,120,70,50,60,100,4,No
445,Bidoof,Normal,None,59,45,40,35,40,31,4,No
446,Bibarel,Normal,Water,79,85,60,55,60,71,4,No
447,Kricketot,Bug,None,37,25,41,25,41,25,4,No
448,Kricketune,Bug,None,77,85,51,55,51,65,4,No
449,Shinx,Electric,None,45,65,34,40,34,45,4,No
450,Luxio,Electric,None,60,85,49,60,49,60,4,No
451,Luxray,Electric,None,80,120,79,95,79,70,4,No
452,Budew,Grass,Poison,40,30,35,50,70,55,4,No
453,Roserade,Grass,Poison,60,70,65,125,105,90,4,No
454,Cranidos,Rock,None,67,125,40,30,30,58,4,No
455,Rampardos,Rock,None,97,165,60,65,50,58,4,No
456,Shieldon,Rock,Steel,30,42,118,42,88,30,4,No
457,Bastiodon,Rock,Steel,60,52,168,47,138,30,4,No
458,Burmy,Bug,None,40,29,45,29,45,36,4,No
459,Wormadam Plant Cloak,Bug,Grass,60,59,85,79,105,36,4,No
460,Wormadam Sandy Cloak,Bug,Ground,60,79,105,59,85,36,4,No
461,Wormadam Trash Cloak,Bug,Steel,60,69,95,69,95,36,4,No
462,Mothim,Bug,Flying,70,94,50,94,50,66,4,No
463,Combee,Bug,Flying,30,30,42,30,42,70,4,No
464,Vespiquen,Bug,Flying,70,80,102,80,102,40,4,No
465,Pachirisu,Electric,None,60,45,70,45,90,95,4,No
466,Buizel,Water,None,55,65,35,60,30,85,4,No
467,Floatzel,Water,None,85,105,55,85,50,115,4,No
468,Cherubi,Grass,None,45,35,45,62,53,35,4,No
469,Cherrim,Grass,None,70,60,70,87,78,85,4,No
470,Shellos,Water,None,76,48,48,57,62,34,4,No
471,Gastrodon,Water,Ground,111,83,68,92,82,39,4,No
472,Ambipom,Normal,None,75,100,66,60,66,115,4,No
473,Drifloon,Ghost,Flying,90,50,34,60,44,70,4,No
474,Drifblim,Ghost,Flying,150,80,44,90,54,80,4,No
475,Buneary,Normal,None,55,66,44,44,56,85,4,No
476,Lopunny,Normal,None,65,76,84,54,96,105,4,No
477,Mega Lopunny,Normal,Fighting,65,136,94,54,96,135,4,No
478,Mismagius,Ghost,None,60,60,60,105,105,105,4,No
479,Honchkrow,Dark,Flying,100,125,52,105,52,71,4,No
480,Glameow,Normal,None,49,55,42,42,37,85,4,No
481,Purugly,Normal,None,71,82,64,64,59,112,4,No
482,Chingling,Psychic,None,45,30,50,65,50,45,4,No
483,Stunky,Poison,Dark,63,63,47,41,41,74,4,No
484,Skuntank,Poison,Dark,103,93,67,71,61,84,4,No
485,Bronzor,Steel,Psychic,57,24,86,24,86,23,4,No
486,Bronzong,Steel,Psychic,67,89,116,79,116,33,4,No
487,Bonsly,Rock,None,50,80,95,10,45,10,4,No
488,Mime Jr.,Psychic,Fairy,20,25,45,70,90,60,4,No
489,Happiny,Normal,None,100,5,5,15,65,30,4,No
490,Chatot,Normal,Flying,76,65,45,92,42,91,4,No
491,Spiritomb,Ghost,Dark,50,92,108,92,108,35,4,No
492,Gible,Dragon,Ground,58,70,45,40,45,42,4,No
493,Gabite,Dragon,Ground,68,90,65,50,55,82,4,No
494,Garchomp,Dragon,Ground,108,130,95,80,85,102,4,No
495,Mega Garchomp,Dragon,Ground,108,170,115,120,95,92,4,No
496,Munchlax,Normal,None,135,85,40,40,85,5,4,No
497,Riolu,Fighting,None,40,70,40,35,40,60,4,No
498,Lucario,Fighting,Steel,70,110,70,115,70,90,4,No
499,Mega Lucario,Fighting,Steel,70,145,88,140,70,112,4,No
500,Hippopotas,Ground,None,68,72,78,38,42,32,4,No
501,Hippowdon,Ground,None,108,112,118,68,72,47,4,No
502,Skorupi,Poison,Bug,40,50,90,30,55,65,4,No
503,Drapion,Poison,Dark,70,90,110,60,75,95,4,No
504,Croagunk,Poison,Fighting,48,61,40,61,40,50,4,No
505,Toxicroak,Poison,Fighting,83,106,65,86,65,85,4,No
506,Carnivine,Grass,None,74,100,72,90,72,46,4,No
507,Finneon,Water,None,49,49,56,49,61,66,4,No
508,Lumineon,Water,None,69,69,76,69,86,91,4,No
509,Mantyke,Water,Flying,45,20,50,60,120,50,4,No
510,Snover,Grass,Ice,60,62,50,62,60,40,4,No
511,Abomasnow,Grass,Ice,90,92,75,92,85,60,4,No
512,Mega Abomasnow,Grass,Ice,90,132,105,132,105,30,4,No
513,Weavile,Dark,Ice,70,120,65,45,85,125,4,No
514,Magnezone,Electric,Steel,70,70,115,130,90,60,4,No
515,Lickilicky,Normal,None,110,85,95,80,95,50,4,No
516,Rhyperior,Ground,Rock,115,140,130,55,55,40,4,No
517,Tangrowth,Grass,None,100,100,125,110,50,50,4,No
518,Electivire,Electric,None,75,123,67,95,85,95,4,No
519,Magmortar,Fire,None,75,95,67,125,95,83,4,No
520,Togekiss,Fairy,Flying,85,50,95,120,115,80,4,No
521,Yanmega,Bug,Flying,86,76,86,116,56,95,4,No
522,Leafeon,Grass,None,65,110,130,60,65,95,4,No
523,Glaceon,Ice,None,65,60,110,130,95,65,4,No
524,Gliscor,Ground,Flying,75,95,125,45,75,95,4,No
525,Mamoswine,Ice,Ground,110,130,80,70,60,80,4,No
526,Porygon-Z,Normal,None,85,80,70,135,75,90,4,No
527,Gallade,Psychic,Fighting,68,125,65,65,115,80,4,No
528,Mega Gallade,Psychic,Fighting,68,165,95,65,115,110,4,No
529,Probopass,Rock,Steel,60,55,145,75,150,40,4,No
530,Dusknoir,Ghost,None,45,100,135,65,135,45,4,No
531,Froslass,Ice,Ghost,70,80,70,80,70,110,4,No
532,Rotom,Electric,Ghost,50,50,77,95,77,91,4,No
533,Heat Rotom,Electric,Fire,50,65,107,105,107,86,4,No
534,Wash Rotom,Electric,Water,50,65,107,105,107,86,4,No
535,Frost Rotom,Electric,Ice,50,65,107,105,107,86,4,No
536,Fan Rotom,Electric,Flying,50,65,107,105,107,86,4,No
537,Mow Rotom,Electric,Grass,50,65,107,105,107,86,4,No
538,Uxie,Psychic,None,75,75,130,75,130,95,4,Yes
539,Mesprit,Psychic,None,80,105,105,105,105,80,4,Yes
540,Azelf,Psychic,None,75,125,70,125,70,115,4,Yes
541,Dialga,Steel,Dragon,100,120,120,150,100,90,4,Yes
542,Palkia,Water,Dragon,90,120,100,150,120,100,4,Yes
543,Heatran,Fire,Steel,91,90,106,130,106,77,4,Yes
544,Regigigas,Normal,None,110,160,110,80,110,100,4,Yes
545,Giratina Altered Forme,Ghost,Dragon,150,100,120,100,120,90,4,Yes
546,Giratina Origin Forme,Ghost,Dragon,150,120,100,120,100,90,4,Yes
547,Cresselia,Psychic,None,120,70,120,75,130,85,4,No
548,Phione,Water,None,80,80,80,80,80,80,4,No
549,Manaphy,Water,None,100,100,100,100,100,100,4,No
550,Darkrai,Dark,None,70,90,90,135,90,125,4,Yes
551,Shaymin Land Forme,Grass,None,100,100,100,100,100,100,4,Yes
552,Shaymin Sky Forme,Grass,Flying,100,103,75,120,75,127,4,Yes
553,Arceus,Normal,None,120,120,120,120,120,120,4,Yes
554,Victini,Psychic,Fire,100,100,100,100,100,100,5,Yes
555,Snivy,Grass,None,45,45,55,45,55,63,5,No
556,Servine,Grass,None,60,60,75,60,75,83,5,No
557,Serperior,Grass,None,75,75,95,75,95,113,5,No
558,Tepig,Fire,None,65,63,45,45,45,45,5,No
559,Pignite,Fire,Fighting,90,93,55,70,55,55,5,No
560,Emboar,Fire,Fighting,110,123,65,100,65,65,5,No
561,Oshawott,Water,None,55,55,45,63,45,45,5,No
562,Dewott,Water,None,75,75,60,83,60,60,5,No
563,Samurott,Water,None,95,100,85,108,70,70,5,No
564,Patrat,Normal,None,45,55,39,35,39,42,5,No
565,Watchog,Normal,None,60,85,69,60,69,77,5,No
566,Lillipup,Normal,None,45,60,45,25,45,55,5,No
567,Herdier,Normal,None,65,80,65,35,65,60,5,No
568,Stoutland,Normal,None,85,110,90,45,90,80,5,No
569,Purrloin,Dark,None,41,50,37,50,37,66,5,No
570,Liepard,Dark,None,64,88,50,88,50,106,5,No
571,Pansage,Grass,None,50,53,48,53,48,64,5,No
572,Simisage,Grass,None,75,98,63,98,63,101,5,No
573,Pansear,Fire,None,50,53,48,53,48,64,5,No
574,Simisear,Fire,None,75,98,63,98,63,101,5,No
575,Panpour,Water,None,50,53,48,53,48,64,5,No
576,Simipour,Water,None,75,98,63,98,63,101,5,No
577,Munna,Psychic,None,76,25,45,67,55,24,5,No
578,Musharna,Psychic,None,116,55,85,107,95,29,5,No
579,Pidove,Normal,Flying,50,55,50,36,30,43,5,No
580,Tranquill,Normal,Flying,62,77,62,50,42,65,5,No
581,Unfezant,Normal,Flying,80,115,80,65,55,93,5,No
582,Blitzle,Electric,None,45,60,32,50,32,76,5,No
583,Zebstrika,Electric,None,75,100,63,80,63,116,5,No
584,Roggenrola,Rock,None,55,75,85,25,25,15,5,No
585,Boldore,Rock,None,70,105,105,50,40,20,5,No
586,Gigalith,Rock,None,85,135,130,60,80,25,5,No
587,Woobat,Psychic,Flying,55,45,43,55,43,72,5,No
588,Swoobat,Psychic,Flying,67,57,55,77,55,114,5,No
589,Drilbur,Ground,None,60,85,40,30,45,68,5,No
590,Excadrill,Ground,Steel,110,135,60,50,65,88,5,No
591,Audino,Normal,None,103,60,86,60,86,50,5,No
592,Mega Audino,Normal,Fairy,103,60,126,80,126,50,5,No
593,Timburr,Fighting,None,75,80,55,25,35,35,5,No
594,Gurdurr,Fighting,None,85,105,85,40,50,40,5,No
595,Conkeldurr,Fighting,None,105,140,95,55,65,45,5,No
596,Tympole,Water,None,50,50,40,50,40,64,5,No
597,Palpitoad,Water,Ground,75,65,55,65,55,69,5,No
598,Seismitoad,Water,Ground,105,95,75,85,75,74,5,No
599,Throh,Fighting,None,120,100,85,30,85,45,5,No
600,Sawk,Fighting,None,75,125,75,30,75,85,5,No
601,Sewaddle,Bug,Grass,45,53,70,40,60,42,5,No
602,Swadloon,Bug,Grass,55,63,90,50,80,42,5,No
603,Leavanny,Bug,Grass,75,103,80,70,80,92,5,No
604,Venipede,Bug,Poison,30,45,59,30,39,57,5,No
605,Whirlipede,Bug,Poison,40,55,99,40,79,47,5,No
606,Scolipede,Bug,Poison,60,100,89,55,69,112,5,No
607,Cottonee,Grass,Fairy,40,27,60,37,50,66,5,No
608,Whimsicott,Grass,Fairy,60,67,85,77,75,116,5,No
609,Petilil,Grass,None,45,35,50,70,50,30,5,No
610,Lilligant,Grass,None,70,60,75,110,75,90,5,No
611,Basculin,Water,None,70,92,65,80,55,98,5,No
612,Sandile,Ground,Dark,50,72,35,35,35,65,5,No
613,Krokorok,Ground,Dark,60,82,45,45,45,74,5,No
614,Krookodile,Ground,Dark,95,117,80,65,70,92,5,No
615,Darumaka,Fire,None,70,90,45,15,45,50,5,No
616,Darmanitan Standard Mode,Fire,None,105,140,55,30,55,95,5,No
617,Darmanitan Zen Mode,Fire,Psychic,105,30,105,140,105,55,5,No
618,Maractus,Grass,None,75,86,67,106,67,60,5,No
619,Dwebble,Bug,Rock,50,65,85,35,35,55,5,No
620,Crustle,Bug,Rock,70,95,125,65,75,45,5,No
621,Scraggy,Dark,Fighting,50,75,70,35,70,48,5,No
622,Scrafty,Dark,Fighting,65,90,115,45,115,58,5,No
623,Sigilyph,Psychic,Flying,72,58,80,103,80,97,5,No
624,Yamask,Ghost,None,38,30,85,55,65,30,5,No
625,Cofagrigus,Ghost,None,58,50,145,95,105,30,5,No
626,Tirtouga,Water,Rock,54,78,103,53,45,22,5,No
627,Carracosta,Water,Rock,74,108,133,83,65,32,5,No
628,Archen,Rock,Flying,55,112,45,74,45,70,5,No
629,Archeops,Rock,Flying,75,140,65,112,65,110,5,No
630,Trubbish,Poison,None,50,50,62,40,62,65,5,No
631,Garbodor,Poison,None,80,95,82,60,82,75,5,No
632,Zorua,Dark,None,40,65,40,80,40,65,5,No
633,Zoroark,Dark,None,60,105,60,120,60,105,5,No
634,Minccino,Normal,None,55,50,40,40,40,75,5,No
635,Cinccino,Normal,None,75,95,60,65,60,115,5,No
636,Gothita,Psychic,None,45,30,50,55,65,45,5,No
637,Gothorita,Psychic,None,60,45,70,75,85,55,5,No
638,Gothitelle,Psychic,None,70,55,95,95,110,65,5,No
639,Solosis,Psychic,None,45,30,40,105,50,20,5,No
640,Duosion,Psychic,None,65,40,50,125,60,30,5,No
641,Reuniclus,Psychic,None,110,65,75,125,85,30,5,No
642,Ducklett,Water,Flying,62,44,50,44,50,55,5,No
643,Swanna,Water,Flying,75,87,63,87,63,98,5,No
644,Vanillite,Ice,None,36,50,50,65,60,44,5,No
645,Vanillish,Ice,None,51,65,65,80,75,59,5,No
646,Vanilluxe,Ice,None,71,95,85,110,95,79,5,No
647,Deerling,Normal,Grass,60,60,50,40,50,75,5,No
648,Sawsbuck,Normal,Grass,80,100,70,60,70,95,5,No
649,Emolga,Electric,Flying,55,75,60,75,60,103,5,No
650,Karrablast,Bug,None,50,75,45,40,45,60,5,No
651,Escavalier,Bug,Steel,70,135,105,60,105,20,5,No
652,Foongus,Grass,Poison,69,55,45,55,55,15,5,No
653,Amoonguss,Grass,Poison,114,85,70,85,80,30,5,No
654,Frillish,Water,Ghost,55,40,50,65,85,40,5,No
655,Jellicent,Water,Ghost,100,60,70,85,105,60,5,No
656,Alomomola,Water,None,165,75,80,40,45,65,5,No
657,Joltik,Bug,Electric,50,47,50,57,50,65,5,No
658,Galvantula,Bug,Electric,70,77,60,97,60,108,5,No
659,Ferroseed,Grass,Steel,44,50,91,24,86,10,5,No
660,Ferrothorn,Grass,Steel,74,94,131,54,116,20,5,No
661,Klink,Steel,None,40,55,70,45,60,30,5,No
662,Klang,Steel,None,60,80,95,70,85,50,5,No
663,Klinklang,Steel,None,60,100,115,70,85,90,5,No
664,Tynamo,Electric,None,35,55,40,45,40,60,5,No
665,Eelektrik,Electric,None,65,85,70,75,70,40,5,No
666,Eelektross,Electric,None,85,115,80,105,80,50,5,No
667,Elgyem,Psychic,None,55,55,55,85,55,30,5,No
668,Beheeyem,Psychic,None,75,75,75,125,95,40,5,No
669,Litwick,Ghost,Fire,50,30,55,65,55,20,5,No
670,Lampent,Ghost,Fire,60,40,60,95,60,55,5,No
671,Chandelure,Ghost,Fire,60,55,90,145,90,80,5,No
672,Axew,Dragon,None,46,87,60,30,40,57,5,No
673,Fraxure,Dragon,None,66,117,70,40,50,67,5,No
674,Haxorus,Dragon,None,76,147,90,60,70,97,5,No
675,Cubchoo,Ice,None,55,70,40,60,40,40,5,No
676,Beartic,Ice,None,95,110,80,70,80,50,5,No
677,Cryogonal,Ice,None,70,50,30,95,135,105,5,No
678,Shelmet,Bug,None,50,40,85,40,65,25,5,No
679,Accelgor,Bug,None,80,70,40,100,60,145,5,No
680,Stunfisk,Ground,Electric,109,66,84,81,99,32,5,No
681,Mienfoo,Fighting,None,45,85,50,55,50,65,5,No
682,Mienshao,Fighting,None,65,125,60,95,60,105,5,No
683,Druddigon,Dragon,None,77,120,90,60,90,48,5,No
684,Golett,Ground,Ghost,59,74,50,35,50,35,5,No
685,Golurk,Ground,Ghost,89,124,80,55,80,55,5,No
686,Pawniard,Dark,Steel,45,85,70,40,40,60,5,No
687,Bisharp,Dark,Steel,65,125,100,60,70,70,5,No
688,Bouffalant,Normal,None,95,110,95,40,95,55,5,No
689,Rufflet,Normal,Flying,70,83,50,37,50,60,5,No
690,Braviary,Normal,Flying,100,123,75,57,75,80,5,No
691,Vullaby,Dark,Flying,70,55,75,45,65,60,5,No
692,Mandibuzz,Dark,Flying,110,65,105,55,95,80,5,No
693,Heatmor,Fire,None,85,97,66,105,66,65,5,No
694,Durant,Bug,Steel,58,109,112,48,48,109,5,No
695,Deino,Dark,Dragon,52,65,50,45,50,38,5,No
696,Zweilous,Dark,Dragon,72,85,70,65,70,58,5,No
697,Hydreigon,Dark,Dragon,92,105,90,125,90,98,5,No
698,Larvesta,Bug,Fire,55,85,55,50,55,60,5,No
699,Volcarona,Bug,Fire,85,60,65,135,105,100,5,No
700,Cobalion,Steel,Fighting,91,90,129,90,72,108,5,Yes
701,Terrakion,Rock,Fighting,91,129,90,72,90,108,5,Yes
702,Virizion,Grass,Fighting,91,90,72,90,129,108,5,Yes
703,Tornadus Incarnate Forme,Flying,None,79,115,70,125,80,111,5,Yes
704,Tornadus Therian Forme,Flying,None,79,100,80,110,90,121,5,Yes
705,Thundurus Incarnate Forme,Electric,Flying,79,115,70,125,80,111,5,Yes
706,Thundurus Therian Forme,Electric,Flying,79,105,70,145,80,101,5,Yes
707,Reshiram,Dragon,Fire,100,120,100,150,120,90,5,Yes
708,Zekrom,Dragon,Electric,100,150,120,120,100,90,5,Yes
709,Landorus Incarnate Forme,Ground,Flying,89,125,90,115,80,101,5,Yes
710,Landorus Therian Forme,Ground,Flying,89,145,90,105,80,91,5,Yes
711,Kyurem,Dragon,Ice,125,130,90,130,90,95,5,Yes
712,Kyurem Black Kyurem,Dragon,Ice,125,170,100,120,90,95,5,Yes
713,Kyurem White Kyurem,Dragon,Ice,125,120,90,170,100,95,5,Yes
714,Keldeo Ordinary Forme,Water,Fighting,91,72,90,129,90,108,5,No
715,Keldeo Resolute Forme,Water,Fighting,91,72,90,129,90,108,5,No
716,Meloetta Aria Forme,Normal,Psychic,100,77,77,128,128,90,5,No
717,Meloetta Pirouette Forme,Normal,Fighting,100,128,90,77,77,128,5,No
718,Genesect,Bug,Steel,71,120,95,120,95,99,5,No
719,Chespin,Grass,None,56,61,65,48,45,38,6,No
720,Quilladin,Grass,None,61,78,95,56,58,57,6,No
721,Chesnaught,Grass,Fighting,88,107,122,74,75,64,6,No
722,Fennekin,Fire,None,40,45,40,62,60,60,6,No
723,Braixen,Fire,None,59,59,58,90,70,73,6,No
724,Delphox,Fire,Psychic,75,69,72,114,100,104,6,No
725,Froakie,Water,None,41,56,40,62,44,71,6,No
726,Frogadier,Water,None,54,63,52,83,56,97,6,No
727,Greninja,Water,Dark,72,95,67,103,71,122,6,No
728,Bunnelby,Normal,None,38,36,38,32,36,57,6,No
729,Diggersby,Normal,Ground,85,56,77,50,77,78,6,No
730,Fletchling,Normal,Flying,45,50,43,40,38,62,6,No
731,Fletchinder,Fire,Flying,62,73,55,56,52,84,6,No
732,Talonflame,Fire,Flying,78,81,71,74,69,126,6,No
733,Scatterbug,Bug,None,38,35,40,27,25,35,6,No
734,Spewpa,Bug,None,45,22,60,27,30,29,6,No
735,Vivillon,Bug,Flying,80,52,50,90,50,89,6,No
736,Litleo,Fire,Normal,62,50,58,73,54,72,6,No
737,Pyroar,Fire,Normal,86,68,72,109,66,106,6,No
738,Flabébé,Fairy,None,44,38,39,61,79,42,6,No
739,Floette,Fairy,None,54,45,47,75,98,52,6,No
740,Florges,Fairy,None,78,65,68,112,154,75,6,No
741,Skiddo,Grass,None,66,65,48,62,57,52,6,No
742,Gogoat,Grass,None,123,100,62,97,81,68,6,No
743,Pancham,Fighting,None,67,82,62,46,48,43,6,No
744,Pangoro,Fighting,Dark,95,124,78,69,71,58,6,No
745,Furfrou,Normal,None,75,80,60,65,90,102,6,No
746,Espurr,Psychic,None,62,48,54,63,60,68,6,No
747,Meowstic Male,Psychic,None,74,48,76,83,81,104,6,No
748,Meowstic Female,Psychic,None,74,48,76,83,81,104,6,No
749,Honedge,Steel,Ghost,45,80,100,35,37,28,6,No
750,Doublade,Steel,Ghost,59,110,150,45,49,35,6,No
751,Aegislash Blade Forme,Steel,Ghost,60,150,50,150,50,60,6,No
752,Aegislash Shield Forme,Steel,Ghost,60,50,150,50,150,60,6,No
753,Spritzee,Fairy,None,78,52,60,63,65,23,6,No
754,Aromatisse,Fairy,None,101,72,72,99,89,29,6,No
755,Swirlix,Fairy,None,62,48,66,59,57,49,6,No
756,Slurpuff,Fairy,None,82,80,86,85,75,72,6,No
757,Inkay,Dark,Psychic,53,54,53,37,46,45,6,No
758,Malamar,Dark,Psychic,86,92,88,68,75,73,6,No
759,Binacle,Rock,Water,42,52,67,39,56,50,6,No
760,Barbaracle,Rock,Water,72,105,115,54,86,68,6,No
761,Skrelp,Poison,Water,50,60,60,60,60,30,6,No
762,Dragalge,Poison,Dragon,65,75,90,97,123,44,6,No
763,Clauncher,Water,None,50,53,62,58,63,44,6,No
764,Clawitzer,Water,None,71,73,88,120,89,59,6,No
765,Helioptile,Electric,Normal,44,38,33,61,43,70,6,No
766,Heliolisk,Electric,Normal,62,55,52,109,94,109,6,No
767,Tyrunt,Rock,Dragon,58,89,77,45,45,48,6,No
768,Tyrantrum,Rock,Dragon,82,121,119,69,59,71,6,No
769,Amaura,Rock,Ice,77,59,50,67,63,46,6,No
770,Aurorus,Rock,Ice,123,77,72,99,92,58,6,No
771,Sylveon,Fairy,None,95,65,65,110,130,60,6,No
772,Hawlucha,Fighting,Flying,78,92,75,74,63,118,6,No
773,Dedenne,Electric,Fairy,67,58,57,81,67,101,6,No
774,Carbink,Rock,Fairy,50,50,150,50,150,50,6,No
775,Goomy,Dragon,None,45,50,35,55,75,40,6,No
776,Sliggoo,Dragon,None,68,75,53,83,113,60,6,No
777,Goodra,Dragon,None,90,100,70,110,150,80,6,No
778,Klefki,Steel,Fairy,57,80,91,80,87,75,6,No
779,Phantump,Ghost,Grass,43,70,48,50,60,38,6,No
780,Trevenant,Ghost,Grass,85,110,76,65,82,56,6,No
781,Pumpkaboo Average Size,Ghost,Grass,49,66,70,44,55,51,6,No
782,Pumpkaboo Small Size,Ghost,Grass,44,66,70,44,55,56,6,No
783,Pumpkaboo Large Size,Ghost,Grass,54,66,70,44,55,46,6,No
784,Pumpkaboo Super Size,Ghost,Grass,59,66,70,44,55,41,6,No
785,Gourgeist Average Size,Ghost,Grass,65,90,122,58,75,84,6,No
786,Gourgeist Small Size,Ghost,Grass,55,85,122,58,75,99,6,No
787,Gourgeist Large Size,Ghost,Grass,75,95,122,58,75,69,6,No
788,Gourgeist Super Size,Ghost,Grass,85,100,122,58,75,54,6,No
789,Bergmite,Ice,None,55,69,85,32,35,28,6,No
790,Avalugg,Ice,None,95,117,184,44,46,28,6,No
791,Noibat,Flying,Dragon,40,30,35,45,40,55,6,No
792,Noivern,Flying,Dragon,85,70,80,97,80,123,6,No
793,Xerneas,Fairy,None,126,131,95,131,98,99,6,Yes
794,Yveltal,Dark,Flying,126,131,95,131,98,99,6,Yes
795,Zygarde Half Forme,Dragon,Ground,108,100,121,81,95,95,6,Yes
796,Diancie,Rock,Fairy,50,100,150,100,150,50,6,Yes
797,Mega Diancie,Rock,Fairy,50,160,110,160,110,110,6,Yes
798,Hoopa Confined,Psychic,Ghost,80,110,60,150,130,70,6,Yes
799,Hoopa Unbound,Psychic,Dark,80,160,60,170,130,80,6,Yes
800,Volcanion,Fire,Water,80,110,120,130,90,70,6,Yes
